{
    "ro_el": "resonator",
    "qb_el": "qubit",
    "st_el": "storage",
    "ro_fq": 8596222556.078796,
    "qb_fq": 6150383904.6972,
    "st_fq": 5240932800.0,
    "ro_kappa": 4156000.0,
    "ro_chi": -913148.5,
    "anharmonicity": -255750000.0,
    "st_chi": -2840421.354241756,
    "st_chi2": -21912.638362342423,
    "st_chi3": -327.37857577643325,
    "st_K": -28844,
    "st_K2": 1406,
    "ro_therm_clks": 1000,
    "qb_therm_clks": 25000,
    "st_therm_clks": 400000.0,
    "qb_T1_relax": 5542.192178492562,
    "qb_T2_ramsey": 6324.73112712837,
    "qb_T2_echo": 8994,
    "ge_r180_amp": 0.08565235748770193,
    "ge_rlen": 16,
    "ge_rsigma": 2.6666666666666665,
    "r180_amp": 0.08565235748770193,
    "rlen": 16,
    "rsigma": 2.6666666666666665,
    "b_coherent_amp": 0.01958,
    "b_coherent_len": 48,
    "b_alpha": 1,
    "fock_fqs": {
        "__ndarray__": true,
        "dtype": "float64",
        "shape": [
            8
        ],
        "data": [
            6150358213.968985,
            6147518413.893612,
            6144634384.432323,
            6141711687.392287,
            6138726383.678176,
            6135702959.965247,
            6132617103.712755,
            6129490390.517065
        ]
    }
}
