{
  "timestamp": "20260224_144836",
  "method": "auto",
  "sa_device": "sa124b",
  "sa_config": {
    "sideband": "lsb",
    "sa_span_hz": 2000000.0,
    "sa_rbw": 1000.0,
    "sa_vbw": 1000.0,
    "sa_avg": 5,
    "sa_level": 0.0
  },
  "results": [
    {
      "element": "qubit2",
      "lo_hz": 7000000000.0,
      "if_hz": -50000000.0,
      "sideband": "lsb",
      "f_target_hz": 6950000000.0,
      "f_image_hz": 7050000000.0,
      "P_target_dBm": -88.8429,
      "P_lo_dBm": -87.449104,
      "P_image_dBm": -88.282196,
      "lo_suppression_dBc": -1.3937959999999947,
      "irr_dBc": -0.5607040000000012
    }
  ]
}