{
  "timestamp": "20260224_224757",
  "method": "auto",
  "sa_device": "sa124b",
  "sa_config": {
    "sideband": "lsb",
    "sa_span_hz": 2000000.0,
    "sa_rbw": 1000.0,
    "sa_vbw": 1000.0,
    "sa_avg": 5,
    "sa_level": 0.0
  },
  "results": [
    {
      "element": "qubit",
      "lo_hz": 6200000000.0,
      "if_hz": -50000000.0,
      "sideband": "lsb",
      "f_target_hz": 6150000000.0,
      "f_image_hz": 6250000000.0,
      "P_target_dBm": -23.949535,
      "P_lo_dBm": -82.125534,
      "P_image_dBm": -58.512783,
      "lo_suppression_dBc": 58.175999000000004,
      "irr_dBc": 34.563248
    },
    {
      "element": "storage",
      "lo_hz": 5400000000.0,
      "if_hz": -50000000.0,
      "sideband": "lsb",
      "f_target_hz": 5350000000.0,
      "f_image_hz": 5450000000.0,
      "P_target_dBm": -26.499302,
      "P_lo_dBm": -75.40321,
      "P_image_dBm": -69.54281,
      "lo_suppression_dBc": 48.903908,
      "irr_dBc": 43.043508
    },
    {
      "element": "resonator2",
      "lo_hz": 3500000000.0,
      "if_hz": -50000000.0,
      "sideband": "lsb",
      "f_target_hz": 3450000000.0,
      "f_image_hz": 3550000000.0,
      "P_target_dBm": -30.978222,
      "P_lo_dBm": -79.994316,
      "P_image_dBm": -65.61904,
      "lo_suppression_dBc": 49.016093999999995,
      "irr_dBc": 34.640817999999996
    },
    {
      "element": "resonator",
      "lo_hz": 8800000000.0,
      "if_hz": -50000000.0,
      "sideband": "lsb",
      "f_target_hz": 8750000000.0,
      "f_image_hz": 8850000000.0,
      "P_target_dBm": -40.26822,
      "P_lo_dBm": -85.10915,
      "P_image_dBm": -85.00266,
      "lo_suppression_dBc": 44.84093,
      "irr_dBc": 44.734440000000006
    }
  ]
}