{
  "timestamp": "20260224_034717",
  "method": "auto",
  "sa_device": "sa124b",
  "sa_config": {
    "sideband": "lsb",
    "sa_span_hz": 2000000.0,
    "sa_rbw": 1000.0,
    "sa_vbw": 1000.0,
    "sa_avg": 5,
    "sa_level": 0.0
  },
  "results": [
    {
      "element": "qubit",
      "lo_hz": 6200000000.0,
      "if_hz": -50000000.0,
      "sideband": "lsb",
      "f_target_hz": 6150000000.0,
      "f_image_hz": 6250000000.0,
      "P_target_dBm": -28.347786,
      "P_lo_dBm": -85.91334,
      "P_image_dBm": -63.671154,
      "lo_suppression_dBc": 57.565554000000006,
      "irr_dBc": 35.323368
    }
  ]
}