{
  "timestamp": "20260224_030955",
  "method": "auto",
  "sa_device": "sa124b",
  "sa_config": {
    "sideband": "lsb",
    "sa_span_hz": 2000000.0,
    "sa_rbw": 1000.0,
    "sa_vbw": 1000.0,
    "sa_avg": 5,
    "sa_level": 0.0
  },
  "results": [
    {
      "element": "resonator",
      "lo_hz": 8800000000.0,
      "if_hz": -50000000.0,
      "sideband": "lsb",
      "f_target_hz": 8750000000.0,
      "f_image_hz": 8850000000.0,
      "P_target_dBm": -36.560673,
      "P_lo_dBm": -84.563835,
      "P_image_dBm": -84.05532,
      "lo_suppression_dBc": 48.003161999999996,
      "irr_dBc": 47.49464699999999
    }
  ]
}