{
  "timestamp": "20260224_025756",
  "method": "auto",
  "sa_device": "sa124b",
  "sa_config": {
    "sideband": "lsb",
    "sa_span_hz": 2000000.0,
    "sa_rbw": 1000.0,
    "sa_vbw": 1000.0,
    "sa_avg": 5,
    "sa_level": 0.0
  },
  "results": [
    {
      "element": "qubit2",
      "lo_hz": 7000000000.0,
      "if_hz": -50000000.0,
      "sideband": "lsb",
      "f_target_hz": 6950000000.0,
      "f_image_hz": 7050000000.0,
      "P_target_dBm": -28.492386,
      "P_lo_dBm": -72.368996,
      "P_image_dBm": -83.44846,
      "lo_suppression_dBc": 43.87661,
      "irr_dBc": 54.956074
    }
  ]
}