{
  "timestamp": "20260221_215754",
  "experiment": "PowerRabi",
  "calibration_tag": "power_rabi_x180",
  "validation_passed": true,
  "validation_errors": [],
  "fit": {
    "model": "power_rabi",
    "params": {
      "A": 0.00018030532758234253,
      "g_pi": 1.0142059731900317,
      "offset": -0.00013974097869406805
    },
    "uncertainties": {
      "A": 7.499816476549258e-07,
      "g_pi": 0.0029881650021237748,
      "offset": 5.538325059068391e-07
    },
    "r_squared": 0.9993493874090316
  },
  "metrics": {
    "g_pi": 1.0142059731900317
  },
  "run_metadata": {
    "n_total": 5000
  },
  "extra_metadata": {
    "sweep_min": -1.2,
    "sweep_max": 1.2000000000000022
  }
}
