{
  "timestamp": "20260221_210826",
  "experiment": "PowerRabi",
  "calibration_tag": "power_rabi_x180",
  "validation_passed": false,
  "validation_errors": [
    "Metric 'g_pi' above maximum: 2.0817353989046383 > 1.2000000000000022"
  ],
  "fit": {
    "model": "power_rabi",
    "params": {
      "A": 0.0001756962222376186,
      "g_pi": 2.0817353989046383,
      "offset": -0.0001397297487357572
    },
    "uncertainties": {
      "A": 1.1280345587124674e-05,
      "g_pi": 0.08887500338116176,
      "offset": 5.039586024598089e-07
    },
    "r_squared": 0.9978717623794259
  },
  "metrics": {
    "g_pi": 2.0817353989046383
  },
  "run_metadata": {
    "n_total": 5000
  },
  "extra_metadata": {
    "sweep_min": -1.2,
    "sweep_max": 1.2000000000000022
  }
}
