{
  "timestamp": "20260221_210634",
  "experiment": "PowerRabi",
  "calibration_tag": "power_rabi_x180",
  "validation_passed": false,
  "validation_errors": [
    "Metric 'g_pi' above maximum: 1.9378090607248741 > 1.2000000000000022"
  ],
  "fit": {
    "model": "power_rabi",
    "params": {
      "A": 0.000177265435367378,
      "g_pi": 1.9378090607248741,
      "offset": -0.00013978198687552123
    },
    "uncertainties": {
      "A": 1.1209939658326747e-05,
      "g_pi": 0.08579160079644163,
      "offset": 6.97872399714509e-07
    },
    "r_squared": 0.9967682146476969
  },
  "metrics": {
    "g_pi": 1.9378090607248741
  },
  "run_metadata": {
    "n_total": 5000
  },
  "extra_metadata": {
    "sweep_min": -1.2,
    "sweep_max": 1.2000000000000022
  }
}
