{
  "timestamp": "20260221_185912",
  "experiment": "PowerRabi",
  "calibration_tag": "power_rabi_x180",
  "validation_passed": true,
  "validation_errors": [],
  "fit": {
    "model": "power_rabi",
    "params": {
      "A": -4.9331935110564176e-05,
      "g_pi": 0.7912239272524899,
      "offset": 0.0001655231188888985
    },
    "uncertainties": {
      "A": 1.8446966397899583e-06,
      "g_pi": 0.009461136509487007,
      "offset": 1.2613913969562575e-06
    },
    "r_squared": 0.925985015796335
  },
  "metrics": {
    "g_pi": 0.7912239272524899
  },
  "run_metadata": {
    "n_total": 1000
  },
  "extra_metadata": {
    "sweep_min": -1.2,
    "sweep_max": 1.2000000000000022
  }
}
