{
  "timestamp": "20260221_194440",
  "experiment": "PowerRabi",
  "calibration_tag": "power_rabi_x180",
  "validation_passed": true,
  "validation_errors": [],
  "fit": {
    "model": "power_rabi",
    "params": {
      "A": -5.229231005960106e-05,
      "g_pi": 1.1088960050406185,
      "offset": 0.00016641921402425723
    },
    "uncertainties": {
      "A": 8.138352189946094e-07,
      "g_pi": 0.016569738139878814,
      "offset": 5.894835435877181e-07
    },
    "r_squared": 0.9911140734133612
  },
  "metrics": {
    "g_pi": 1.1088960050406185
  },
  "run_metadata": {
    "n_total": 5000
  },
  "extra_metadata": {
    "sweep_min": -1.2,
    "sweep_max": 1.2000000000000022
  }
}
