{
  "timestamp": "20260221_210921",
  "experiment": "PowerRabi",
  "calibration_tag": "power_rabi_x180",
  "validation_passed": false,
  "validation_errors": [
    "Metric 'g_pi' above maximum: 2.1345355211763586 > 1.8000000000000032"
  ],
  "fit": {
    "model": "power_rabi",
    "params": {
      "A": 0.00018162748811693583,
      "g_pi": 2.1345355211763586,
      "offset": -0.00013908140012208923
    },
    "uncertainties": {
      "A": 1.5995692837830324e-06,
      "g_pi": 0.018499160153085375,
      "offset": 4.501338755276752e-07
    },
    "r_squared": 0.999073019292239
  },
  "metrics": {
    "g_pi": 2.1345355211763586
  },
  "run_metadata": {
    "n_total": 5000
  },
  "extra_metadata": {
    "sweep_min": -1.8,
    "sweep_max": 1.8000000000000032
  }
}
