{
  "timestamp": "20260221_211925",
  "experiment": "PowerRabi",
  "calibration_tag": "power_rabi_x180",
  "validation_passed": true,
  "validation_errors": [],
  "fit": {
    "model": "power_rabi",
    "params": {
      "A": 0.00018109064599418421,
      "g_pi": 1.0081766013231281,
      "offset": -0.00013975328223377495
    },
    "uncertainties": {
      "A": 7.694528776017832e-07,
      "g_pi": 0.002966625019519806,
      "offset": 5.673845764066378e-07
    },
    "r_squared": 0.9993227833887196
  },
  "metrics": {
    "g_pi": 1.0081766013231281
  },
  "run_metadata": {
    "n_total": 5000
  },
  "extra_metadata": {
    "sweep_min": -1.2,
    "sweep_max": 1.2000000000000022
  }
}
