{
  "timestamp": "20260222_180154",
  "experiment": "ReadoutGEDiscrimination",
  "calibration_tag": "readout_ge_discrimination",
  "validation_passed": true,
  "validation_errors": [],
  "fit": {
    "model": null,
    "params": null,
    "uncertainties": null,
    "r_squared": null
  },
  "metrics": {
    "gaussianity_g": 0.141918312567942,
    "gaussianity_e": 0.3626594203627487,
    "fidelity": 74.454,
    "angle": -0.0004586057307209903,
    "rotation_convention": "S_rot = S * exp(+1j*angle)",
    "threshold": -2.1233683508678487e-05,
    "gg": 0.74934,
    "ge": 0.25066,
    "eg": 0.26026000000000005,
    "ee": 0.73974,
    "w_plus_cos": 0.9999998948403938,
    "w_plus_sin": -0.00045860571464539083,
    "w_minus_sin": -0.00045860571464539083,
    "w_minus_cos": -0.9999998948403938,
    "rot_mu_g": {
      "re": -0.00015487746968223737,
      "im": 0.00015127280111331342
    },
    "rot_mu_e": {
      "re": 9.935271001704191e-05,
      "im": 0.00015103137209131965
    },
    "unrot_mu_g": {
      "re": -0.00015494682796644466,
      "im": 0.00015120175751285917
    },
    "unrot_mu_e": {
      "re": 9.928343571881825e-05,
      "im": 0.00015107691992949943
    },
    "sigma_g": 0.00017947913596819072,
    "sigma_e": 0.00018323042160680534
  },
  "run_metadata": {
    "n_total": 50000
  },
  "extra_metadata": {}
}