{
  "timestamp": "20260222_175444",
  "experiment": "ReadoutGEDiscrimination",
  "calibration_tag": "readout_ge_discrimination",
  "validation_passed": true,
  "validation_errors": [],
  "fit": {
    "model": null,
    "params": null,
    "uncertainties": null,
    "r_squared": null
  },
  "metrics": {
    "gaussianity_g": 0.1655813208025122,
    "gaussianity_e": 0.2487796854221602,
    "fidelity": 74.125,
    "angle": -0.025043799651419264,
    "rotation_convention": "S_rot = S * exp(+1j*angle)",
    "threshold": -9.964643657955948e-06,
    "gg": 0.76618,
    "ge": 0.23382000000000003,
    "eg": 0.28368000000000004,
    "ee": 0.71632,
    "w_plus_cos": 0.9996864204395705,
    "w_plus_sin": -0.025041181855461777,
    "w_minus_sin": -0.025041181855461777,
    "w_minus_cos": -0.9996864204395705,
    "rot_mu_g": {
      "re": -0.0001454882527811852,
      "im": 0.00015064592841751732
    },
    "rot_mu_e": {
      "re": 0.00010904950634354437,
      "im": 0.00014939491831994544
    },
    "unrot_mu_g": {
      "re": -0.00014921498272811834,
      "im": 0.0001469554911377766
    },
    "unrot_mu_e": {
      "re": 0.00010527428532934848,
      "im": 0.0001520787996467253
    },
    "sigma_g": 0.0001799352319817917,
    "sigma_e": 0.00018069987186642957
  },
  "run_metadata": {
    "n_total": 50000
  },
  "extra_metadata": {}
}