{
  "timestamp": "20260225_003012",
  "experiment": "ReadoutGEDiscrimination",
  "calibration_tag": "readout_ge_discrimination",
  "validation_passed": false,
  "validation_errors": [
    "Metric 'fidelity' below minimum: 69.687 < 70.0"
  ],
  "fit": {
    "model": null,
    "params": null,
    "uncertainties": null,
    "r_squared": null
  },
  "metrics": {
    "gaussianity_g": 0.07988619494023842,
    "gaussianity_e": 0.15979842110706577,
    "fidelity": 69.687,
    "angle": 0.3030910921152361,
    "rotation_convention": "S_rot = S * exp(+1j*angle)",
    "threshold": -1.6387738386971565e-05,
    "gg": 0.70258,
    "ge": 0.29742,
    "eg": 0.30884,
    "ee": 0.69116,
    "w_plus_cos": 0.9544184463545814,
    "w_plus_sin": 0.29847182322307586,
    "w_minus_sin": 0.29847182322307586,
    "w_minus_cos": -0.9544184463545814,
    "rot_mu_g": {
      "re": -0.00011828156603073529,
      "im": 0.0001232179415216289
    },
    "rot_mu_e": {
      "re": 8.554943863730083e-05,
      "im": 0.0001222656844929026
    },
    "unrot_mu_g": {
      "re": -7.611302482368631e-05,
      "im": 0.00015290519097695688
    },
    "unrot_mu_e": {
      "re": 0.00011814282407893323,
      "im": 9.11585277104097e-05
    },
    "sigma_g": 0.00018643446083758508,
    "sigma_e": 0.00018853672337815967
  },
  "run_metadata": {
    "n_total": 50000
  },
  "extra_metadata": {}
}