{
  "timestamp": "20260221_215857",
  "experiment": "ReadoutGEDiscrimination",
  "calibration_tag": "readout_ge_discrimination",
  "validation_passed": true,
  "validation_errors": [],
  "fit": {
    "model": null,
    "params": null,
    "uncertainties": null,
    "r_squared": null
  },
  "metrics": {
    "gaussianity_g": 0.3235263852277651,
    "gaussianity_e": 0.36483479391246554,
    "fidelity": 78.028,
    "angle": -0.20771763465323811,
    "rotation_convention": "S_rot = S * exp(+1j*angle)",
    "threshold": -3.123054619478872e-05,
    "gg": 0.77168,
    "ge": 0.22831999999999997,
    "eg": 0.21111999999999997,
    "ee": 0.78888,
    "w_plus_cos": 0.9785041485885784,
    "w_plus_sin": -0.20622713496274306,
    "w_minus_sin": -0.20622713496274306,
    "w_minus_cos": -0.9785041485885784,
    "rot_mu_g": "(-0.00012014079529884079+0.00011315192574176545j)",
    "rot_mu_e": "(7.08978646017593e-05+0.00011365395175219502j)",
    "unrot_mu_g": "(-0.0001408932640758882+8.594333675247888e-05j)",
    "unrot_mu_e": "(4.593532579184377e-05+0.00012583192678480628j)",
    "sigma_g": 0.00011627146288840512,
    "sigma_e": 0.00011647630012270177
  },
  "run_metadata": {
    "n_total": 50000
  },
  "extra_metadata": {}
}
