{
  "timestamp": "20260225_000113",
  "experiment": "ReadoutGEDiscrimination",
  "calibration_tag": "readout_ge_discrimination",
  "validation_passed": false,
  "validation_errors": [
    "Metric 'fidelity' below minimum: 67.486 < 70.0"
  ],
  "fit": {
    "model": null,
    "params": null,
    "uncertainties": null,
    "r_squared": null
  },
  "metrics": {
    "gaussianity_g": 0.027070333985556066,
    "gaussianity_e": 0.05515217837808216,
    "fidelity": 67.486,
    "angle": 0.28605917664223784,
    "rotation_convention": "S_rot = S * exp(+1j*angle)",
    "threshold": -1.3892066443057953e-05,
    "gg": 0.68266,
    "ge": 0.31733999999999996,
    "eg": 0.33294,
    "ee": 0.66706,
    "w_plus_cos": 0.9593633190072407,
    "w_plus_sin": 0.28217374460323436,
    "w_minus_sin": 0.28217374460323436,
    "w_minus_cos": -0.9593633190072407,
    "rot_mu_g": {
      "re": -0.00010610537854692537,
      "im": 0.00010379172161118741
    },
    "rot_mu_e": {
      "re": 7.379148112484775e-05,
      "im": 0.00010325745742204515
    },
    "unrot_mu_g": {
      "re": -7.250630938145279e-05,
      "im": 0.0001295141225175139
    },
    "unrot_mu_e": {
      "re": 9.992938366538158e-05,
      "im": 7.823939851584488e-05
    },
    "sigma_g": 0.0001844185247022955,
    "sigma_e": 0.00018538050717229097
  },
  "run_metadata": {
    "n_total": 50000
  },
  "extra_metadata": {}
}