{
  "timestamp": "20260221_212253",
  "experiment": "ReadoutGEDiscrimination",
  "calibration_tag": "readout_ge_discrimination",
  "validation_passed": true,
  "validation_errors": [],
  "fit": {
    "model": null,
    "params": null,
    "uncertainties": null,
    "r_squared": null
  },
  "metrics": {
    "gaussianity_g": 0.2015754851717757,
    "gaussianity_e": 0.4407221069013614,
    "fidelity": 78.21000000000001,
    "angle": -0.2166155851760312,
    "rotation_convention": "S_rot = S * exp(+1j*angle)",
    "threshold": -2.488866937890057e-05,
    "gg": 0.79136,
    "ge": 0.20864000000000005,
    "eg": 0.22716000000000003,
    "ee": 0.77284,
    "w_plus_cos": 0.9766304384039797,
    "w_plus_sin": -0.21492553776331597,
    "w_minus_sin": -0.21492553776331597,
    "w_minus_cos": -0.9766304384039797,
    "rot_mu_g": "(-0.00012453884853970705+0.00011401634691651323j)",
    "rot_mu_e": "(6.753825515307254e-05+0.00011413501341458077j)",
    "unrot_mu_g": "(-0.00014613345492250129+8.458525587947384e-05j)",
    "unrot_mu_e": "(4.142938660343301e-05+0.00012598342399669624j)",
    "sigma_g": 0.00011444608324791728,
    "sigma_e": 0.00011710989892692599
  },
  "run_metadata": {
    "n_total": 50000
  },
  "extra_metadata": {}
}
