{
  "timestamp": "20260225_000621",
  "experiment": "ReadoutGEDiscrimination",
  "calibration_tag": "readout_ge_discrimination",
  "validation_passed": false,
  "validation_errors": [
    "Metric 'fidelity' below minimum: 67.684 < 70.0"
  ],
  "fit": {
    "model": null,
    "params": null,
    "uncertainties": null,
    "r_squared": null
  },
  "metrics": {
    "gaussianity_g": 0.05586294222848632,
    "gaussianity_e": 0.15676401169879606,
    "fidelity": 67.684,
    "angle": 0.29702293007892827,
    "rotation_convention": "S_rot = S * exp(+1j*angle)",
    "threshold": -2.041080692996248e-05,
    "gg": 0.6672,
    "ge": 0.3328,
    "eg": 0.31352,
    "ee": 0.68648,
    "w_plus_cos": 0.9562120385999435,
    "w_plus_sin": 0.29267479774750027,
    "w_minus_sin": 0.29267479774750027,
    "w_minus_cos": -0.9562120385999435,
    "rot_mu_g": {
      "re": -0.00010469005477713736,
      "im": 0.00010367372347566605
    },
    "rot_mu_e": {
      "re": 7.34155659177673e-05,
      "im": 0.00010287904517845203
    },
    "unrot_mu_g": {
      "re": -6.976320464961543e-05,
      "im": 0.00012977420308198678
    },
    "unrot_mu_e": {
      "re": 0.00010031095169125619,
      "im": 7.688729561280246e-05
    },
    "sigma_g": 0.00018381302904069166,
    "sigma_e": 0.0001859928632549223
  },
  "run_metadata": {
    "n_total": 50000
  },
  "extra_metadata": {}
}