{
  "timestamp": "20260222_175655",
  "experiment": "ReadoutGEDiscrimination",
  "calibration_tag": "readout_ge_discrimination",
  "validation_passed": true,
  "validation_errors": [],
  "fit": {
    "model": null,
    "params": null,
    "uncertainties": null,
    "r_squared": null
  },
  "metrics": {
    "gaussianity_g": 0.11768514906640674,
    "gaussianity_e": 0.1879595661926915,
    "fidelity": 74.44500000000001,
    "angle": 1.2310480512861715,
    "rotation_convention": "S_rot = S * exp(+1j*angle)",
    "threshold": -2.0000108679230883e-05,
    "gg": 0.75022,
    "ge": 0.24978,
    "eg": 0.26132,
    "ee": 0.73868,
    "w_plus_cos": 0.33324976713900223,
    "w_plus_sin": 0.9428385825271476,
    "w_minus_sin": 0.9428385825271476,
    "w_minus_cos": -0.33324976713900223,
    "rot_mu_g": {
      "re": -0.0001484204688630259,
      "im": 0.00015143969040837065
    },
    "rot_mu_e": {
      "re": 0.0001092626285845197,
      "im": 0.00015063450541542825
    },
    "unrot_mu_g": {
      "re": 9.332209635571335e-05,
      "im": 0.00019040378604502205
    },
    "unrot_mu_e": {
      "re": 0.00017843576909834679,
      "im": -5.2818108005028506e-05
    },
    "sigma_g": 0.0001809410068393848,
    "sigma_e": 0.00018257445946034064
  },
  "run_metadata": {
    "n_total": 50000
  },
  "extra_metadata": {}
}