{
  "timestamp": "20260221_184831",
  "experiment": "ReadoutGEDiscrimination",
  "calibration_tag": "readout_ge_discrimination",
  "validation_passed": false,
  "validation_errors": [
    "No fit object available"
  ],
  "fit": {
    "model": null,
    "params": null,
    "uncertainties": null,
    "r_squared": null
  },
  "metrics": {
    "gaussianity_g": 0.3878397940409649,
    "gaussianity_e": 0.39775336856121435,
    "fidelity": 77.334,
    "angle": -0.2131811264181182,
    "threshold": -2.164542592585404e-05,
    "gg": 0.79444,
    "ge": 0.20555999999999996,
    "eg": 0.24775999999999998,
    "ee": 0.75224,
    "w_plus_cos": 0.9773628299283981,
    "w_plus_sin": -0.21157007981837445,
    "w_minus_sin": -0.21157007981837445,
    "w_minus_cos": -0.9773628299283981,
    "rot_mu_g": -0.00012192746202461397,
    "rot_mu_e": 6.991663360565325e-05,
    "sigma_g": 0.00011535707724428845,
    "sigma_e": 0.00011777404590558976
  },
  "run_metadata": {
    "n_total": 50000
  },
  "extra_metadata": {}
}
