{
  "timestamp": "20260222_034453",
  "experiment": "ReadoutGEDiscrimination",
  "calibration_tag": "readout_ge_discrimination",
  "validation_passed": true,
  "validation_errors": [],
  "fit": {
    "model": null,
    "params": null,
    "uncertainties": null,
    "r_squared": null
  },
  "metrics": {
    "gaussianity_g": 0.0770037247045904,
    "gaussianity_e": 0.2144045730363464,
    "fidelity": 74.41,
    "angle": 1.2441742760840724,
    "rotation_convention": "S_rot = S * exp(+1j*angle)",
    "threshold": -1.8706321599108035e-05,
    "gg": 0.75082,
    "ge": 0.24917999999999996,
    "eg": 0.26261999999999996,
    "ee": 0.73738,
    "w_plus_cos": 0.32084550265898776,
    "w_plus_sin": 0.9471315449416208,
    "w_minus_sin": 0.9471315449416208,
    "w_minus_cos": -0.32084550265898776,
    "rot_mu_g": "(-0.00014348353404248474+0.00014994730593872863j)",
    "rot_mu_e": "(0.0001105725703454529+0.00014957758965128962j)",
    "unrot_mu_g": "(9.598377693043296e-05+0.00018400770001761465j)",
    "unrot_mu_e": "(0.00017714636548785286-5.673547244126703e-05j)",
    "sigma_g": 0.00018167456160786158,
    "sigma_e": 0.00018117321145644322
  },
  "run_metadata": {
    "n_total": 50000
  },
  "extra_metadata": {}
}
