{
  "timestamp": "20260222_032502",
  "experiment": "ReadoutGEDiscrimination",
  "calibration_tag": "readout_ge_discrimination",
  "validation_passed": true,
  "validation_errors": [],
  "fit": {
    "model": null,
    "params": null,
    "uncertainties": null,
    "r_squared": null
  },
  "metrics": {
    "gaussianity_g": 0.1577385188672323,
    "gaussianity_e": 0.2715612859750599,
    "fidelity": 74.13499999999999,
    "angle": -0.03902449286940357,
    "rotation_convention": "S_rot = S * exp(+1j*angle)",
    "threshold": -2.4996109532856915e-05,
    "gg": 0.74016,
    "ge": 0.25983999999999996,
    "eg": 0.25746,
    "ee": 0.74254,
    "w_plus_cos": 0.9992386411089894,
    "w_plus_sin": -0.03901458848508077,
    "w_minus_sin": -0.03901458848508077,
    "w_minus_cos": -0.9992386411089894,
    "rot_mu_g": "(-0.0001555142299911271+0.00015214783461278477j)",
    "rot_mu_e": "(0.00010078387424531751+0.00015137648984706075j)",
    "unrot_mu_g": "(-0.00016133181300575863+0.00014596467181947627j)",
    "unrot_mu_e": "(9.480125008889128e-05+0.00015519327939023895j)",
    "sigma_g": 0.00017769429081559233,
    "sigma_e": 0.0001819338630008126
  },
  "run_metadata": {
    "n_total": 50000
  },
  "extra_metadata": {}
}
