{
  "timestamp": "20260224_235231",
  "experiment": "ReadoutGEDiscrimination",
  "calibration_tag": "readout_ge_discrimination",
  "validation_passed": true,
  "validation_errors": [],
  "fit": {
    "model": null,
    "params": null,
    "uncertainties": null,
    "r_squared": null
  },
  "metrics": {
    "gaussianity_g": 0.1905744661863979,
    "gaussianity_e": 0.09559359347172423,
    "fidelity": 70.314,
    "angle": 0.18743080496922085,
    "rotation_convention": "S_rot = S * exp(+1j*angle)",
    "threshold": 1.392696987736691e-05,
    "gg": 0.73776,
    "ge": 0.26224000000000003,
    "eg": 0.33148,
    "ee": 0.66852,
    "w_plus_cos": 0.9824862089310841,
    "w_plus_sin": 0.18633531404493936,
    "w_minus_sin": 0.18633531404493936,
    "w_minus_cos": -0.9824862089310841,
    "rot_mu_g": {
      "re": -0.00010783888831841803,
      "im": 0.00011793693682535204
    },
    "rot_mu_e": {
      "re": 0.00011094500009833565,
      "im": 0.00011759975138888835
    },
    "unrot_mu_g": {
      "re": -8.397440439845496e-05,
      "im": 0.00013596560707555448
    },
    "unrot_mu_e": {
      "re": 0.00013091491915312784,
      "im": 9.486716247826774e-05
    },
    "sigma_g": 0.00018269682904304712,
    "sigma_e": 0.00018293089549923923
  },
  "run_metadata": {
    "n_total": 50000
  },
  "extra_metadata": {}
}