{
  "timestamp": "20260222_154056",
  "experiment": "ReadoutGEDiscrimination",
  "calibration_tag": "readout_ge_discrimination",
  "validation_passed": true,
  "validation_errors": [],
  "fit": {
    "model": null,
    "params": null,
    "uncertainties": null,
    "r_squared": null
  },
  "metrics": {
    "gaussianity_g": 0.1053585309696458,
    "gaussianity_e": 0.21070897366745908,
    "fidelity": 74.34799999999998,
    "angle": -0.013205778912310064,
    "rotation_convention": "S_rot = S * exp(+1j*angle)",
    "threshold": -1.8046081599943575e-05,
    "gg": 0.75076,
    "ge": 0.24924000000000002,
    "eg": 0.26380000000000003,
    "ee": 0.7362,
    "w_plus_cos": 0.9999128049688513,
    "w_plus_sin": -0.013205395083977636,
    "w_minus_sin": -0.013205395083977636,
    "w_minus_cos": -0.9999128049688513,
    "rot_mu_g": "(-0.00014755238543478878+0.0001512360345441387j)",
    "rot_mu_e": "(0.00010624637639759351+0.0001499755307545251j)",
    "unrot_mu_g": "(-0.00014953665118703414+0.00014927435996814608j)",
    "unrot_mu_e": "(0.00010425662610495133+0.0001513654790100206j)",
    "sigma_g": 0.0001817369787296946,
    "sigma_e": 0.00018277360160408887
  },
  "run_metadata": {
    "n_total": 50000
  },
  "extra_metadata": {}
}
