{
  "timestamp": "20260223_132118",
  "experiment": "ReadoutGEDiscrimination",
  "calibration_tag": "readout_ge_discrimination",
  "validation_passed": true,
  "validation_errors": [],
  "fit": {
    "model": null,
    "params": null,
    "uncertainties": null,
    "r_squared": null
  },
  "metrics": {
    "gaussianity_g": 0.08559100228295288,
    "gaussianity_e": 0.13382166459043482,
    "fidelity": 74.462,
    "angle": 1.208662936497541,
    "rotation_convention": "S_rot = S * exp(+1j*angle)",
    "threshold": -2.164756950384815e-05,
    "gg": 0.74602,
    "ge": 0.25398,
    "eg": 0.25678,
    "ee": 0.74322,
    "w_plus_cos": 0.35427006330139205,
    "w_plus_sin": 0.9351431560186,
    "w_minus_sin": 0.9351431560186,
    "w_minus_cos": -0.35427006330139205,
    "rot_mu_g": {
      "re": -0.00015098152656368665,
      "im": 0.00015031494133416773
    },
    "rot_mu_e": {
      "re": 9.677005336943749e-05,
      "im": 0.00014914842934820715
    },
    "unrot_mu_g": {
      "re": 8.707775366292629e-05,
      "im": 0.00019444142503287264
    },
    "unrot_mu_e": {
      "re": 0.00017375786586876934,
      "im": -3.7655029609491594e-05
    },
    "sigma_g": 0.00018083871639713633,
    "sigma_e": 0.00018565315165794568
  },
  "run_metadata": {
    "n_total": 50000
  },
  "extra_metadata": {}
}