{
  "timestamp": "20260222_020127",
  "experiment": "ReadoutGEDiscrimination",
  "calibration_tag": "readout_ge_discrimination",
  "validation_passed": true,
  "validation_errors": [],
  "fit": {
    "model": null,
    "params": null,
    "uncertainties": null,
    "r_squared": null
  },
  "metrics": {
    "gaussianity_g": 0.19080950760648813,
    "gaussianity_e": 0.25781199150083767,
    "fidelity": 74.651,
    "angle": 0.005257020097068175,
    "rotation_convention": "S_rot = S * exp(+1j*angle)",
    "threshold": -2.008285347792348e-05,
    "gg": 0.75012,
    "ge": 0.24988,
    "eg": 0.2571,
    "ee": 0.7429,
    "w_plus_cos": 0.999986181901673,
    "w_plus_sin": 0.005256995883038999,
    "w_minus_sin": 0.005256995883038999,
    "w_minus_cos": -0.999986181901673,
    "rot_mu_g": "(-0.00015434575953959632+0.0001513567948118958j)",
    "rot_mu_e": "(0.00010191542922813837+0.00015103492082484102j)",
    "unrot_mu_g": "(-0.00015354794472751846+0.00015216609837128678j)",
    "unrot_mu_e": "(0.00010270801090768757+0.0001504970648175838j)",
    "sigma_g": 0.0001808382215034803,
    "sigma_e": 0.0001836604633375312
  },
  "run_metadata": {
    "n_total": 50000
  },
  "extra_metadata": {}
}
