{
  "timestamp": "20260222_180134",
  "experiment": "ReadoutGEDiscrimination",
  "calibration_tag": "readout_ge_discrimination",
  "validation_passed": true,
  "validation_errors": [],
  "fit": {
    "model": null,
    "params": null,
    "uncertainties": null,
    "r_squared": null
  },
  "metrics": {
    "gaussianity_g": 0.053998750649529095,
    "gaussianity_e": 0.19068323229061654,
    "fidelity": 74.202,
    "angle": 1.2433533653081377,
    "rotation_convention": "S_rot = S * exp(+1j*angle)",
    "threshold": -2.9474144343897084e-05,
    "gg": 0.73382,
    "ge": 0.26617999999999997,
    "eg": 0.24978,
    "ee": 0.75022,
    "w_plus_cos": 0.3216229049551273,
    "w_plus_sin": 0.9468678403073078,
    "w_minus_sin": 0.9468678403073078,
    "w_minus_cos": -0.3216229049551273,
    "rot_mu_g": {
      "re": -0.0001507959711712999,
      "im": 0.0001528415755068844
    },
    "rot_mu_e": {
      "re": 0.00010393338162162344,
      "im": 0.00015204199791931527
    },
    "unrot_mu_g": {
      "re": 9.622133420572683e-05,
      "im": 0.00019194120706245437
    },
    "unrot_mu_e": {
      "re": 0.00017739103432482661,
      "im": -4.951098754591022e-05
    },
    "sigma_g": 0.00017928800902120468,
    "sigma_e": 0.00018115292246651394
  },
  "run_metadata": {
    "n_total": 50000
  },
  "extra_metadata": {}
}