{
  "timestamp": "20260224_203142",
  "experiment": "ReadoutGEDiscrimination",
  "calibration_tag": "readout_ge_discrimination",
  "validation_passed": false,
  "validation_errors": [
    "Metric 'fidelity' below minimum: 66.97999999999999 < 70.0"
  ],
  "fit": {
    "model": null,
    "params": null,
    "uncertainties": null,
    "r_squared": null
  },
  "metrics": {
    "gaussianity_g": 0.07004850463208054,
    "gaussianity_e": 0.10237814407066434,
    "fidelity": 66.97999999999999,
    "angle": 0.34000036755422386,
    "rotation_convention": "S_rot = S * exp(+1j*angle)",
    "threshold": -1.75739077180886e-05,
    "gg": 0.67346,
    "ge": 0.32654000000000005,
    "eg": 0.33386000000000005,
    "ee": 0.66614,
    "w_plus_cos": 0.9427545429536932,
    "w_plus_sin": 0.33348743865425123,
    "w_minus_sin": 0.33348743865425123,
    "w_minus_cos": -0.9427545429536932,
    "rot_mu_g": {
      "re": -0.0001139485868621853,
      "im": 0.00010465089444592048
    },
    "rot_mu_e": {
      "re": 7.383158150926745e-05,
      "im": 0.0001041927119414202
    },
    "unrot_mu_g": {
      "re": -7.252578918583231e-05,
      "im": 0.00013666052853400062
    },
    "unrot_mu_e": {
      "re": 0.00010435201951310224,
      "im": 7.360624751612126e-05
    },
    "sigma_g": 0.0001790669244560874,
    "sigma_e": 0.00018219298066654753
  },
  "run_metadata": {
    "n_total": 50000
  },
  "extra_metadata": {}
}