{
  "timestamp": "20260223_000538",
  "experiment": "ReadoutGEDiscrimination",
  "calibration_tag": "readout_ge_discrimination",
  "validation_passed": true,
  "validation_errors": [],
  "fit": {
    "model": null,
    "params": null,
    "uncertainties": null,
    "r_squared": null
  },
  "metrics": {
    "gaussianity_g": 0.13575941047684464,
    "gaussianity_e": 0.24476203510577998,
    "fidelity": 74.32900000000001,
    "angle": 1.2414641777815898,
    "rotation_convention": "S_rot = S * exp(+1j*angle)",
    "threshold": -1.515341895689027e-05,
    "gg": 0.75466,
    "ge": 0.24534,
    "eg": 0.26808,
    "ee": 0.73192,
    "w_plus_cos": 0.32341114086362344,
    "w_plus_sin": 0.9462585449893118,
    "w_minus_sin": 0.9462585449893118,
    "w_minus_cos": -0.32341114086362344,
    "rot_mu_g": {
      "re": -0.0001542661847503219,
      "im": 0.00015137269880377593
    },
    "rot_mu_e": {
      "re": 0.00010078158288213187,
      "im": 0.00015075654897180838
    },
    "unrot_mu_g": {
      "re": 9.334630691438626e-05,
      "im": 0.0001949313127386268
    },
    "unrot_mu_e": {
      "re": 0.0001752485593756255,
      "im": -4.6609086484130594e-05
    },
    "sigma_g": 0.00018002342323251278,
    "sigma_e": 0.0001847227386005468
  },
  "run_metadata": {
    "n_total": 50000
  },
  "extra_metadata": {}
}