{
  "timestamp": "20260222_181729",
  "experiment": "ReadoutGEDiscrimination",
  "calibration_tag": "readout_ge_discrimination",
  "validation_passed": true,
  "validation_errors": [],
  "fit": {
    "model": null,
    "params": null,
    "uncertainties": null,
    "r_squared": null
  },
  "metrics": {
    "gaussianity_g": 0.15325501305123962,
    "gaussianity_e": 0.22066631205005693,
    "fidelity": 74.411,
    "angle": 1.2795246269010399,
    "rotation_convention": "S_rot = S * exp(+1j*angle)",
    "threshold": -3.015403644727873e-05,
    "gg": 0.73532,
    "ge": 0.26468,
    "eg": 0.2471,
    "ee": 0.7529,
    "w_plus_cos": 0.2871705921872706,
    "w_plus_sin": 0.9578794553506262,
    "w_minus_sin": 0.9578794553506262,
    "w_minus_cos": -0.2871705921872706,
    "rot_mu_g": {
      "re": -0.0001460345381017604,
      "im": 0.00015236300144336312
    },
    "rot_mu_e": {
      "re": 0.0001081351560464632,
      "im": 0.00015183897841745942
    },
    "unrot_mu_g": {
      "re": 0.0001040085640516783,
      "im": 0.0001836376571712151
    },
    "unrot_mu_e": {
      "re": 0.00017649667474563732,
      "im": -5.997675502878909e-05
    },
    "sigma_g": 0.0001825671642977874,
    "sigma_e": 0.00018398976518204532
  },
  "run_metadata": {
    "n_total": 50000
  },
  "extra_metadata": {}
}