{
  "timestamp": "20260222_005242",
  "experiment": "ReadoutGEDiscrimination",
  "calibration_tag": "readout_ge_discrimination",
  "validation_passed": true,
  "validation_errors": [],
  "fit": {
    "model": null,
    "params": null,
    "uncertainties": null,
    "r_squared": null
  },
  "metrics": {
    "gaussianity_g": 0.09717068448979661,
    "gaussianity_e": 0.1419507985302509,
    "fidelity": 74.47699999999999,
    "angle": 1.243477817455836,
    "rotation_convention": "S_rot = S * exp(+1j*angle)",
    "threshold": -1.0588118078982899e-05,
    "gg": 0.76324,
    "ge": 0.23675999999999997,
    "eg": 0.27370000000000005,
    "ee": 0.7263,
    "w_plus_cos": 0.3215050627284167,
    "w_plus_sin": 0.946907859635771,
    "w_minus_sin": 0.946907859635771,
    "w_minus_cos": -0.3215050627284167,
    "rot_mu_g": "(-0.0001493857113390543+0.0001512087607557248j)",
    "rot_mu_e": "(0.0001084140445014545+0.00015076902276155176j)",
    "unrot_mu_g": "(9.515250151058892e-05+0.00019006888629608649j)",
    "unrot_mu_e": "(0.00017762003682059925-5.41851067128747e-05j)",
    "sigma_g": 0.00018195754147491043,
    "sigma_e": 0.00018069839462347287
  },
  "run_metadata": {
    "n_total": 50000
  },
  "extra_metadata": {}
}
