{
  "timestamp": "20260222_022944",
  "experiment": "ReadoutGEDiscrimination",
  "calibration_tag": "readout_ge_discrimination",
  "validation_passed": true,
  "validation_errors": [],
  "fit": {
    "model": null,
    "params": null,
    "uncertainties": null,
    "r_squared": null
  },
  "metrics": {
    "gaussianity_g": 0.1315963496789423,
    "gaussianity_e": 0.29702247661398007,
    "fidelity": 74.58,
    "angle": -0.02057510574478036,
    "rotation_convention": "S_rot = S * exp(+1j*angle)",
    "threshold": -7.2097557027133885e-06,
    "gg": 0.7703,
    "ge": 0.22970000000000002,
    "eg": 0.27869999999999995,
    "ee": 0.7213,
    "w_plus_cos": 0.9997883399788777,
    "w_plus_sin": -0.020573654081856838,
    "w_minus_sin": -0.020573654081856838,
    "w_minus_cos": -0.9997883399788777,
    "rot_mu_g": "(-0.0001538087152236588+0.00015134475389361903j)",
    "rot_mu_e": "(0.00010643686975265299+0.00015156502875873258j)",
    "unrot_mu_g": "(-0.00015688987468145686+0.00014814831295802675j)",
    "unrot_mu_e": "(0.00010329609484996409+0.00015372274384139087j)",
    "sigma_g": 0.00017835522939852434,
    "sigma_e": 0.00018165490848102221
  },
  "run_metadata": {
    "n_total": 50000
  },
  "extra_metadata": {}
}
