{
  "timestamp": "20260222_015857",
  "experiment": "ReadoutGEDiscrimination",
  "calibration_tag": "readout_ge_discrimination",
  "validation_passed": true,
  "validation_errors": [],
  "fit": {
    "model": null,
    "params": null,
    "uncertainties": null,
    "r_squared": null
  },
  "metrics": {
    "gaussianity_g": 0.22460349622173184,
    "gaussianity_e": 0.18253120680353488,
    "fidelity": 74.571,
    "angle": -0.01717220254734562,
    "rotation_convention": "S_rot = S * exp(+1j*angle)",
    "threshold": -1.6830392098071567e-05,
    "gg": 0.75794,
    "ge": 0.24206000000000005,
    "eg": 0.26652,
    "ee": 0.73348,
    "w_plus_cos": 0.9998525613530047,
    "w_plus_sin": -0.017171358590280114,
    "w_minus_sin": -0.017171358590280114,
    "w_minus_cos": -0.9998525613530047,
    "rot_mu_g": "(-0.00014304468143635238+0.00015176746777815372j)",
    "rot_mu_e": "(0.00010886145237094906+0.0001510846670381499j)",
    "unrot_mu_g": "(-0.000145629644733619+0.00014928881986867062j)",
    "unrot_mu_e": "(0.0001062510729904964+0.00015293169035458034j)",
    "sigma_g": 0.00018298099022076667,
    "sigma_e": 0.00018392778964072283
  },
  "run_metadata": {
    "n_total": 50000
  },
  "extra_metadata": {}
}
