{
  "timestamp": "20260222_031355",
  "experiment": "ReadoutGEDiscrimination",
  "calibration_tag": "readout_ge_discrimination",
  "validation_passed": true,
  "validation_errors": [],
  "fit": {
    "model": null,
    "params": null,
    "uncertainties": null,
    "r_squared": null
  },
  "metrics": {
    "gaussianity_g": 0.15631295927511846,
    "gaussianity_e": 0.27651663018068384,
    "fidelity": 74.563,
    "angle": -0.003194582429962495,
    "rotation_convention": "S_rot = S * exp(+1j*angle)",
    "threshold": -1.1113370421868675e-05,
    "gg": 0.76508,
    "ge": 0.23492000000000002,
    "eg": 0.27381999999999995,
    "ee": 0.72618,
    "w_plus_cos": 0.9999948973258886,
    "w_plus_sin": -0.0031945769963229592,
    "w_minus_sin": -0.0031945769963229592,
    "w_minus_cos": -0.9999948973258886,
    "rot_mu_g": "(-0.00014760923587208083+0.00015073702846805635j)",
    "rot_mu_e": "(9.904088660651686e-05+0.00015108860563194316j)",
    "unrot_mu_g": "(-0.00014809002371389248+0.00015026471023676181j)",
    "unrot_mu_e": "(9.855771704919048e-05+0.00015140422841407528j)",
    "sigma_g": 0.00018287520869434781,
    "sigma_e": 0.0001874261281739454
  },
  "run_metadata": {
    "n_total": 50000
  },
  "extra_metadata": {}
}
