{
  "timestamp": "20260222_013801",
  "experiment": "ReadoutGEDiscrimination",
  "calibration_tag": "readout_ge_discrimination",
  "validation_passed": true,
  "validation_errors": [],
  "fit": {
    "model": null,
    "params": null,
    "uncertainties": null,
    "r_squared": null
  },
  "metrics": {
    "gaussianity_g": 0.16929031937606784,
    "gaussianity_e": 0.3208492949278261,
    "fidelity": 74.44200000000001,
    "angle": 0.006804796886277025,
    "rotation_convention": "S_rot = S * exp(+1j*angle)",
    "threshold": -2.1127953395348552e-05,
    "gg": 0.7469,
    "ge": 0.2531,
    "eg": 0.25805999999999996,
    "ee": 0.74194,
    "w_plus_cos": 0.9999768474590088,
    "w_plus_sin": 0.006804744370083017,
    "w_minus_sin": 0.006804744370083017,
    "w_minus_cos": -0.9999768474590088,
    "rot_mu_g": "(-0.00014648548288309442+0.000151400901251246j)",
    "rot_mu_e": "(0.00010348684746770882+0.00015150837312072706j)",
    "unrot_mu_g": "(-0.00014545184694153242+0.00015239419220062125j)",
    "unrot_mu_e": "(0.00010451542723324445+0.0001508006637742243j)",
    "sigma_g": 0.00018260374795543854,
    "sigma_e": 0.00018505756159670504
  },
  "run_metadata": {
    "n_total": 50000
  },
  "extra_metadata": {}
}
