{
  "timestamp": "20260222_020544",
  "experiment": "ReadoutGEDiscrimination",
  "calibration_tag": "readout_ge_discrimination",
  "validation_passed": true,
  "validation_errors": [],
  "fit": {
    "model": null,
    "params": null,
    "uncertainties": null,
    "r_squared": null
  },
  "metrics": {
    "gaussianity_g": 0.1699970847586999,
    "gaussianity_e": 0.2410675754151218,
    "fidelity": 74.554,
    "angle": 0.01590887243720924,
    "rotation_convention": "S_rot = S * exp(+1j*angle)",
    "threshold": -9.527226095661621e-06,
    "gg": 0.77148,
    "ge": 0.22851999999999995,
    "eg": 0.2804,
    "ee": 0.7196,
    "w_plus_cos": 0.9998734565578522,
    "w_plus_sin": 0.015908201377054933,
    "w_minus_sin": 0.015908201377054933,
    "w_minus_cos": -0.9998734565578522,
    "rot_mu_g": "(-0.00014478244179916283+0.00015168860034815482j)",
    "rot_mu_e": "(0.00011047548613563015+0.00015072550508673566j)",
    "unrot_mu_g": "(-0.0001423510277296729+0.00015397263339053498j)",
    "unrot_mu_e": "(0.00011285927787491971+0.00014894896548182883j)",
    "sigma_g": 0.00018272309335002325,
    "sigma_e": 0.0001825559864900571
  },
  "run_metadata": {
    "n_total": 50000
  },
  "extra_metadata": {}
}
