{
  "timestamp": "20260222_005014",
  "experiment": "ReadoutGEDiscrimination",
  "calibration_tag": "readout_ge_discrimination",
  "validation_passed": true,
  "validation_errors": [],
  "fit": {
    "model": null,
    "params": null,
    "uncertainties": null,
    "r_squared": null
  },
  "metrics": {
    "gaussianity_g": 0.08812723579668572,
    "gaussianity_e": 0.3137499383303946,
    "fidelity": 74.271,
    "angle": 1.2550063804206677,
    "rotation_convention": "S_rot = S * exp(+1j*angle)",
    "threshold": -1.655271414609149e-05,
    "gg": 0.75112,
    "ge": 0.24888,
    "eg": 0.26570000000000005,
    "ee": 0.7343,
    "w_plus_cos": 0.31056745263654184,
    "w_plus_sin": 0.950551343885668,
    "w_minus_sin": 0.950551343885668,
    "w_minus_cos": -0.31056745263654184,
    "rot_mu_g": "(-0.00014810393528515248+0.0001505788147013464j)",
    "rot_mu_e": "(0.00010222709442862502+0.00015077421634528368j)",
    "unrot_mu_g": "(9.713663276811873e-05+0.0001875452736228847j)",
    "unrot_mu_e": "(0.0001750670422774511-5.034653769703098e-05j)",
    "sigma_g": 0.00018366085107298882,
    "sigma_e": 0.00018383734949064777
  },
  "run_metadata": {
    "n_total": 50000
  },
  "extra_metadata": {}
}
