{
  "timestamp": "20260222_185128",
  "experiment": "T1Relaxation",
  "calibration_tag": "t1_relaxation",
  "validation_passed": true,
  "validation_errors": [],
  "fit": {
    "model": "T1_relaxation",
    "params": {
      "A": -6.706030144646014e-05,
      "T1": 21025.174798162254,
      "offset": 0.00021173878081097731
    },
    "uncertainties": {
      "A": 1.8322888655999515e-06,
      "T1": 1520.0224463751922,
      "offset": 1.2398102916089965e-06
    },
    "r_squared": 0.9134486459618856
  },
  "metrics": {
    "T1": 21025.174798162254
  },
  "run_metadata": {
    "n_total": 2000
  },
  "extra_metadata": {}
}