{
  "timestamp": "20260221_212021",
  "experiment": "T1Relaxation",
  "calibration_tag": "t1_relaxation",
  "validation_passed": true,
  "validation_errors": [],
  "fit": {
    "model": "T1_relaxation",
    "params": {
      "A": -6.976010616468517e-05,
      "T1": 32649.25652889673,
      "offset": 0.000180348753855072
    },
    "uncertainties": {
      "A": 4.580054586984412e-06,
      "T1": 4187.910979749123,
      "offset": 5.118908589264269e-06
    },
    "r_squared": 0.9297213234997832
  },
  "metrics": {
    "T1": 32649.25652889673
  },
  "run_metadata": {
    "n_total": 2000
  },
  "extra_metadata": {}
}
