{
  "timestamp": "20260222_185826",
  "experiment": "T1Relaxation",
  "calibration_tag": "t1_relaxation",
  "validation_passed": true,
  "validation_errors": [],
  "fit": {
    "model": "T1_relaxation",
    "params": {
      "A": 0.00020344338550028448,
      "T1": 8921.728203280361,
      "offset": -0.00013213872002536766
    },
    "uncertainties": {
      "A": 2.874077085641553e-06,
      "T1": 259.94840814396406,
      "offset": 1.1306617318583373e-06
    },
    "r_squared": 0.9845136041984586
  },
  "metrics": {
    "T1": 8921.728203280361
  },
  "run_metadata": {
    "n_total": 2000
  },
  "extra_metadata": {}
}