{
  "timestamp": "20260222_185727",
  "experiment": "T1Relaxation",
  "calibration_tag": "t1_relaxation",
  "validation_passed": true,
  "validation_errors": [],
  "fit": {
    "model": "T1_relaxation",
    "params": {
      "A": 0.00020229783199061612,
      "T1": 10965.54653953395,
      "offset": -0.0001384318375241712
    },
    "uncertainties": {
      "A": 2.9139072354120763e-06,
      "T1": 288.29546298191326,
      "offset": 8.3579642845756e-07
    },
    "r_squared": 0.9807168738607698
  },
  "metrics": {
    "T1": 10965.54653953395
  },
  "run_metadata": {
    "n_total": 2000
  },
  "extra_metadata": {}
}