{
  "timestamp": "20260222_145416",
  "experiment": "T1Relaxation",
  "calibration_tag": "t1_relaxation",
  "validation_passed": true,
  "validation_errors": [],
  "fit": {
    "model": "T1_relaxation",
    "params": {
      "A": -5.6930028088355235e-05,
      "T1": 19054.94173928985,
      "offset": 0.00016549884114389556
    },
    "uncertainties": {
      "A": 1.2805291685129324e-06,
      "T1": 1054.688575566855,
      "offset": 7.437599219566436e-07
    },
    "r_squared": 0.9421560209385378
  },
  "metrics": {
    "T1": 19054.94173928985
  },
  "run_metadata": {
    "n_total": 2000
  },
  "extra_metadata": {}
}
