{
  "timestamp": "20260222_190706",
  "experiment": "T1Relaxation",
  "calibration_tag": "t1_relaxation",
  "validation_passed": true,
  "validation_errors": [],
  "fit": {
    "model": "T1_relaxation",
    "params": {
      "A": 0.0001999540460094372,
      "T1": 10079.268972862848,
      "offset": -0.00013659529845692664
    },
    "uncertainties": {
      "A": 2.611583944253627e-06,
      "T1": 291.3350957373396,
      "offset": 1.207591598329794e-06
    },
    "r_squared": 0.9859614720717469
  },
  "metrics": {
    "T1": 10079.268972862848,
    "T1_us": 10.079268972862849
  },
  "run_metadata": {
    "n_total": 2000
  },
  "extra_metadata": {}
}