{
  "timestamp": "20260222_150118",
  "experiment": "T2Echo",
  "calibration_tag": "t2_echo",
  "validation_passed": true,
  "validation_errors": [],
  "fit": {
    "model": "T2_echo",
    "params": {
      "A": 4.79347088546791e-05,
      "T2_echo": 5889.116202817605,
      "n": 0.731298111130486,
      "offset": 0.00011746102395751191
    },
    "uncertainties": {
      "A": 1.3098252064772623e-06,
      "T2_echo": 210.6249769135598,
      "n": 0.030274477571348903,
      "offset": 3.489274878343681e-07
    },
    "r_squared": 0.9640683256402186
  },
  "metrics": {
    "T2_echo": 5889.116202817605
  },
  "run_metadata": {
    "n_total": 4000
  },
  "extra_metadata": {}
}
