{
  "timestamp": "20260222_190205",
  "experiment": "T2Ramsey",
  "calibration_tag": "t2_ramsey",
  "validation_passed": true,
  "validation_errors": [],
  "fit": {
    "model": "T2_ramsey",
    "params": {
      "A": 0.00011920577422524809,
      "T2": 10139.340208132317,
      "n": 0.8295607726564993,
      "f_det": 0.00022623963377561287,
      "phi": 0.15722766976358438,
      "offset": -2.1338156391012744e-05
    },
    "uncertainties": {
      "A": 1.9158933329539807e-06,
      "T2": 265.05211313128353,
      "n": 0.02010601557177229,
      "f_det": 1.6546388567241031e-07,
      "phi": 0.008899444006849257,
      "offset": 1.8706461340558054e-07
    },
    "r_squared": 0.984513080406303
  },
  "metrics": {
    "T2_star": 10139.340208132317,
    "f_det": 0.00022623963377561287
  },
  "run_metadata": {
    "n_total": 4000
  },
  "extra_metadata": {}
}