{
  "timestamp": "20260222_191020",
  "experiment": "T2Ramsey",
  "calibration_tag": "t2_ramsey",
  "validation_passed": true,
  "validation_errors": [],
  "fit": {
    "model": "T2_ramsey",
    "params": {
      "A": 0.00012218831304807115,
      "T2": 8751.261927416937,
      "n": 0.7541302756350066,
      "f_det": 0.00022604558318726662,
      "phi": 0.1800767497573304,
      "offset": -2.6388339835725372e-05
    },
    "uncertainties": {
      "A": 2.2085200017747507e-06,
      "T2": 275.9580353871152,
      "n": 0.01922330670617171,
      "f_det": 1.7918484387382909e-07,
      "phi": 0.009479703191575648,
      "offset": 1.915356061079948e-07
    },
    "r_squared": 0.9819248382373802
  },
  "metrics": {
    "T2_star": 8751.261927416937,
    "f_det": 0.00022604558318726662,
    "T2_star_us": 8.751261927416937,
    "f_det_MHz": 0.2260455831872666
  },
  "run_metadata": {
    "n_total": 4000
  },
  "extra_metadata": {}
}