{
  "timestamp": "20260221_210427",
  "accepted": false,
  "candidate": {
    "pulse": "ref_r180",
    "amplitude": 6.351274691399433e-17,
    "length": 16,
    "sigma": 2.6666666666666665,
    "drag_coeff": 0.0,
    "element": "qubit"
  },
  "checks": {
    "min_r2": 0.8,
    "gpi_bounds": [
      0.01,
      2.0
    ],
    "max_rel_residual": 0.25,
    "monotonic_window": 3
  },
  "reasons": [
    "g_pi=0.0000 outside [0.01, 2.0]",
    "r_squared=0.0069231138885442745 below 0.8",
    "relative residual=4.074 above 0.25"
  ]
}
