{
    "modes": {
        "1": {
            "octave_name": "oct1",
            "octave_channel": 3
        },
        "2": {
            "octave_name": "oct1",
            "octave_channel": 5
        },
        "3": {
            "octave_name": "oct1",
            "octave_channel": 2
        },
        "4": {
            "octave_name": "oct1",
            "octave_channel": 4
        },
        "5": {
            "octave_name": "oct1",
            "octave_channel": 1
        }
    },
    "lo_modes": {
        "1": {
            "mode_id": 1,
            "lo_freq": 6200000000.0,
            "gain": 0.0,
            "latest": 15
        },
        "2": {
            "mode_id": 2,
            "lo_freq": 5400000000.0,
            "gain": 0.0,
            "latest": 16
        },
        "3": {
            "mode_id": 3,
            "lo_freq": 3500000000.0,
            "gain": 0.0,
            "latest": 17
        },
        "4": {
            "mode_id": 4,
            "lo_freq": 7000000000.0,
            "gain": 0.0,
            "latest": 18
        },
        "5": {
            "mode_id": 5,
            "lo_freq": 8800000000.0,
            "gain": -10.0,
            "latest": 19
        }
    },
    "lo_cal": {
        "1": {
            "i0": -0.013643462118753308,
            "q0": 0.0004160254891801049,
            "dc_gain": -0.004983541559041571,
            "dc_phase": -0.06662128803627711,
            "temperature": 59.0,
            "timestamp": 1771966881.3160686,
            "method": "auto"
        },
        "2": {
            "i0": 0.0038216576192768963,
            "q0": -0.01663735507073545,
            "dc_gain": 0.005660335821158657,
            "dc_phase": 0.04694761125636203,
            "temperature": 55.6875,
            "timestamp": 1771966891.6424441,
            "method": "auto"
        },
        "3": {
            "i0": -0.013645881518472135,
            "q0": 0.0004212498040508822,
            "dc_gain": -0.005120627453063853,
            "dc_phase": -0.06664938778571051,
            "temperature": 59.0,
            "timestamp": 1771966959.3074865,
            "method": "auto"
        },
        "4": {
            "i0": 0.003798071751592512,
            "q0": -0.016629808908284412,
            "dc_gain": 0.005758236871121092,
            "dc_phase": 0.047014053955477864,
            "temperature": 55.6875,
            "timestamp": 1771966969.1495419,
            "method": "auto"
        },
        "5": {
            "i0": -0.007226476921069593,
            "q0": -0.012791130881549567,
            "dc_gain": 0.0156461930384999,
            "dc_phase": 0.027701115686797593,
            "temperature": 60.4375,
            "timestamp": 1771966980.0038366,
            "method": "auto"
        },
        "6": {
            "i0": -0.028600278574951992,
            "q0": 0.1410254614750472,
            "dc_gain": NaN,
            "dc_phase": NaN,
            "temperature": 54.375,
            "timestamp": 1771966990.7785816,
            "method": "auto"
        },
        "7": {
            "i0": -0.04378247187281016,
            "q0": -0.005178311677342321,
            "dc_gain": -0.003744306939862163,
            "dc_phase": -0.06963315147320966,
            "temperature": 59.3125,
            "timestamp": 1771967001.7277887,
            "method": "auto"
        },
        "8": {
            "i0": -0.013655086692526037,
            "q0": 0.00044498733002271547,
            "dc_gain": -0.004832566935059512,
            "dc_phase": -0.06656244821628474,
            "temperature": 59.0,
            "timestamp": 1771967500.5158474,
            "method": "auto"
        },
        "9": {
            "i0": 0.0038223341745662817,
            "q0": -0.016646103304415114,
            "dc_gain": 0.006245548797316092,
            "dc_phase": 0.04697079788150233,
            "temperature": 55.625,
            "timestamp": 1771967510.8242214,
            "method": "auto"
        },
        "10": {
            "i0": -0.007226954638770121,
            "q0": -0.012811150711387968,
            "dc_gain": 0.01586517415483879,
            "dc_phase": 0.02776609115625569,
            "temperature": 60.4375,
            "timestamp": 1771967521.1623044,
            "method": "auto"
        },
        "11": {
            "i0": -0.027592441391384954,
            "q0": -0.052000990370671615,
            "dc_gain": -0.31354114743543837,
            "dc_phase": -0.07267349223183159,
            "temperature": 54.3125,
            "timestamp": 1771967532.0146396,
            "method": "auto"
        },
        "12": {
            "i0": -0.04373921615538125,
            "q0": -0.005227204787437977,
            "dc_gain": -0.0029857379914211,
            "dc_phase": -0.06969025246536384,
            "temperature": 59.3125,
            "timestamp": 1771967543.4200416,
            "method": "auto"
        },
        "13": {
            "i0": -0.013624953161652804,
            "q0": 0.0004744265294611302,
            "dc_gain": -0.005177150642894257,
            "dc_phase": -0.0667088040116606,
            "temperature": 59.0,
            "timestamp": 1771990136.351354,
            "method": "auto"
        },
        "14": {
            "i0": 0.003779339209328342,
            "q0": -0.016697550037601778,
            "dc_gain": 0.005412187146449865,
            "dc_phase": 0.04675869429344013,
            "temperature": 55.5625,
            "timestamp": 1771990147.7319753,
            "method": "auto"
        },
        "15": {
            "i0": -0.013657088579590361,
            "q0": 0.0004578651476556022,
            "dc_gain": -0.00532241277613299,
            "dc_phase": -0.06659891914428315,
            "temperature": 59.0,
            "timestamp": 1771990211.6901805,
            "method": "auto"
        },
        "16": {
            "i0": 0.003789359477818735,
            "q0": -0.016689263387129467,
            "dc_gain": 0.005826870300703835,
            "dc_phase": 0.046861733028158804,
            "temperature": 55.5625,
            "timestamp": 1771990221.999866,
            "method": "auto"
        },
        "17": {
            "i0": -0.007189296292909436,
            "q0": -0.012787044630340859,
            "dc_gain": 0.015859403615940515,
            "dc_phase": 0.027851517417794902,
            "temperature": 60.4375,
            "timestamp": 1771990232.4917426,
            "method": "auto"
        },
        "18": {
            "i0": -0.08912284858505039,
            "q0": -0.04031144777358987,
            "dc_gain": NaN,
            "dc_phase": NaN,
            "temperature": 54.25,
            "timestamp": 1771990243.2491608,
            "method": "auto"
        },
        "19": {
            "i0": -0.04373986881428685,
            "q0": -0.005199710874937254,
            "dc_gain": -0.0029378628389038486,
            "dc_phase": -0.06970460896686138,
            "temperature": 59.25,
            "timestamp": 1771990254.1924362,
            "method": "auto"
        }
    },
    "if_modes": {
        "1": {
            "lo_mode_id": 1,
            "if_freq": -50000000.0,
            "latest": 15
        },
        "2": {
            "lo_mode_id": 2,
            "if_freq": -50000000.0,
            "latest": 16
        },
        "3": {
            "lo_mode_id": 3,
            "if_freq": -50000000.0,
            "latest": 17
        },
        "4": {
            "lo_mode_id": 4,
            "if_freq": -50000000.0,
            "latest": 18
        },
        "5": {
            "lo_mode_id": 5,
            "if_freq": -50000000.0,
            "latest": 19
        }
    },
    "if_cal": {
        "1": {
            "gain": -0.004852213560908826,
            "phase": -0.09350174684009326,
            "temperature": 59.0,
            "timestamp": 1771966881.3845,
            "method": "auto"
        },
        "2": {
            "gain": 0.0036264017938622715,
            "phase": 0.05515173811470917,
            "temperature": 55.6875,