{
    "modes": {
        "1": {
            "octave_name": "oct1",
            "octave_channel": 3
        },
        "2": {
            "octave_name": "oct1",
            "octave_channel": 5
        },
        "3": {
            "octave_name": "oct1",
            "octave_channel": 2
        },
        "4": {
            "octave_name": "oct1",
            "octave_channel": 4
        },
        "5": {
            "octave_name": "oct1",
            "octave_channel": 1
        }
    },
    "lo_modes": {
        "1": {
            "mode_id": 1,
            "lo_freq": 6200000000.0,
            "gain": 0.0,
            "latest": 8
        },
        "2": {
            "mode_id": 2,
            "lo_freq": 5400000000.0,
            "gain": 0.0,
            "latest": 9
        },
        "3": {
            "mode_id": 3,
            "lo_freq": 3500000000.0,
            "gain": 0.0,
            "latest": 10
        },
        "4": {
            "mode_id": 4,
            "lo_freq": 7000000000.0,
            "gain": 0.0,
            "latest": 11
        },
        "5": {
            "mode_id": 5,
            "lo_freq": 8800000000.0,
            "gain": -10.0,
            "latest": 12
        }
    },
    "lo_cal": {
        "1": {
            "i0": -0.013643462118753308,
            "q0": 0.0004160254891801049,
            "dc_gain": -0.004983541559041571,
            "dc_phase": -0.06662128803627711,
            "temperature": 59.0,
            "timestamp": 1771966881.3160686,
            "method": "auto"
        },
        "2": {
            "i0": 0.0038216576192768963,
            "q0": -0.01663735507073545,
            "dc_gain": 0.005660335821158657,
            "dc_phase": 0.04694761125636203,
            "temperature": 55.6875,
            "timestamp": 1771966891.6424441,
            "method": "auto"
        },
        "3": {
            "i0": -0.013645881518472135,
            "q0": 0.0004212498040508822,
            "dc_gain": -0.005120627453063853,
            "dc_phase": -0.06664938778571051,
            "temperature": 59.0,
            "timestamp": 1771966959.3074865,
            "method": "auto"
        },
        "4": {
            "i0": 0.003798071751592512,
            "q0": -0.016629808908284412,
            "dc_gain": 0.005758236871121092,
            "dc_phase": 0.047014053955477864,
            "temperature": 55.6875,
            "timestamp": 1771966969.1495419,
            "method": "auto"
        },
        "5": {
            "i0": -0.007226476921069593,
            "q0": -0.012791130881549567,
            "dc_gain": 0.0156461930384999,
            "dc_phase": 0.027701115686797593,
            "temperature": 60.4375,
            "timestamp": 1771966980.0038366,
            "method": "auto"
        },
        "6": {
            "i0": -0.028600278574951992,
            "q0": 0.1410254614750472,
            "dc_gain": NaN,
            "dc_phase": NaN,
            "temperature": 54.375,
            "timestamp": 1771966990.7785816,
            "method": "auto"
        },
        "7": {
            "i0": -0.04378247187281016,
            "q0": -0.005178311677342321,
            "dc_gain": -0.003744306939862163,
            "dc_phase": -0.06963315147320966,
            "temperature": 59.3125,
            "timestamp": 1771967001.7277887,
            "method": "auto"
        },
        "8": {
            "i0": -0.013655086692526037,
            "q0": 0.00044498733002271547,
            "dc_gain": -0.004832566935059512,
            "dc_phase": -0.06656244821628474,
            "temperature": 59.0,
            "timestamp": 1771967500.5158474,
            "method": "auto"
        },
        "9": {
            "i0": 0.0038223341745662817,
            "q0": -0.016646103304415114,
            "dc_gain": 0.006245548797316092,
            "dc_phase": 0.04697079788150233,
            "temperature": 55.625,
            "timestamp": 1771967510.8242214,
            "method": "auto"
        },
        "10": {
            "i0": -0.007226954638770121,
            "q0": -0.012811150711387968,
            "dc_gain": 0.01586517415483879,
            "dc_phase": 0.02776609115625569,
            "temperature": 60.4375,
            "timestamp": 1771967521.1623044,
            "method": "auto"
        },
        "11": {
            "i0": -0.027592441391384954,
            "q0": -0.052000990370671615,
            "dc_gain": -0.31354114743543837,
            "dc_phase": -0.07267349223183159,
            "temperature": 54.3125,
            "timestamp": 1771967532.0146396,
            "method": "auto"
        },
        "12": {
            "i0": -0.04373921615538125,
            "q0": -0.005227204787437977,
            "dc_gain": -0.0029857379914211,
            "dc_phase": -0.06969025246536384,
            "temperature": 59.3125,
            "timestamp": 1771967543.4200416,
            "method": "auto"
        }
    },
    "if_modes": {
        "1": {
            "lo_mode_id": 1,
            "if_freq": -50000000.0,
            "latest": 8
        },
        "2": {
            "lo_mode_id": 2,
            "if_freq": -50000000.0,
            "latest": 9
        },
        "3": {
            "lo_mode_id": 3,
            "if_freq": -50000000.0,
            "latest": 10
        },
        "4": {
            "lo_mode_id": 4,
            "if_freq": -50000000.0,
            "latest": 11
        },
        "5": {
            "lo_mode_id": 5,
            "if_freq": -50000000.0,
            "latest": 12
        }
    },
    "if_cal": {
        "1": {
            "gain": -0.004852213560908826,
            "phase": -0.09350174684009326,
            "temperature": 59.0,
            "timestamp": 1771966881.3845,
            "method": "auto"
        },
        "2": {
            "gain": 0.0036264017938622715,
            "phase": 0.05515173811470917,
            "temperature": 55.6875,
            "timestamp": 1771966891.690316,
            "method": "auto"
        },
        "3": {
            "gain": -0.0048733931468190285,
            "phase": -0.09351939569938089,
            "temperature": 59.0,
            "timestamp": 1771966959.3469858,
            "method": "auto"
        },
        "4": {
            "gain": 0.003696747456098782,
            "phase": 0.05517443255293805,
            "temperature": 55.6875,
            "timestamp": 1771966969.1880612,
            "method": "auto"
        },
        "5": {
            "gain": 0.028163679363272198,
            "phase": 0.040503778416017266,
            "temperature": 60.4375,
            "timestamp": 1771966980.0541224,
            "method": "auto"
        },
        "6": {
            "gain": NaN,
            "phase": NaN,
            "temperature": 54.375,
            "timestamp": 1771966990.8298388,
            "method": "auto"
        },
        "7": {
            "gain": -0.0037847528153238806,
            "phase": -0.07224664690784083,
            "temperature": 59.3125,
            "timestamp": 1771967001.779209,
            "method": "auto"
        },
        "8": {
            "gain": -0.004781769454165919,
            "phase": -0.09341196960847058,
            "temperature": 59.0,
            "timestamp": 1771967500.5508113,
            "method": "auto"
        },
        "9": {
            "gain": 0.0036545665450075765,
            "phase": 0.05516659509873066,
            "temperature": 55.625,
            "timestamp": 1771967510.8676677,
            "method": "auto"
        },
        "10": {
            "gain": 0.028136487574166705,
            "phase": 0.04047743819205412,
            "temperature": 60.4375,
            "timestamp": 1771967521.1922612,
            "method": "auto"
        },
        "11": {
            "gain": NaN,
            "phase": NaN,
            "temperature": 54.3125,
            "timestamp": 1771967532.0491736,
            "method": "auto"
        },
        "12": {
            "gain": -0.0038278396840763225,
            "phase": -0.07230980112796012,
            "temperature": 59.3125,